Text,Video URL,Region,Label
đánh răng,https://qipedc.moet.gov.vn/videos/D0414.mp4?autoplay=true,,đánh_răng
ảo thuật,https://qipedc.moet.gov.vn/videos/W00027.mp4?autoplay=true,,ảo_thuật
đèn điện,https://qipedc.moet.gov.vn/videos/W01155T.mp4?autoplay=true,T,đèn_điệnT
xuất hiện,https://qipedc.moet.gov.vn/videos/W04010B.mp4?autoplay=true,B,xuất_hiệnB
nghỉ hè,https://qipedc.moet.gov.vn/videos/W02360T.mp4?autoplay=true,T,nghỉ_hèT
hình cầu,https://qipedc.moet.gov.vn/videos/W01601.mp4?autoplay=true,,hình_cầu
điêu khắc,https://qipedc.moet.gov.vn/videos/W01210.mp4?autoplay=true,,điêu_khắc
bờ ruộng,https://qipedc.moet.gov.vn/videos/W00346.mp4?autoplay=true,,bờ_ruộng
quả dừa xiêm,https://qipedc.moet.gov.vn/videos/W02733N.mp4?autoplay=true,N,quả_dừa_xiêmN
sinh hoạt,https://qipedc.moet.gov.vn/videos/W02955.mp4?autoplay=true,,sinh_hoạt
quận,https://qipedc.moet.gov.vn/videos/W02790N.mp4?autoplay=true,N,quậnN
nghệ sĩ,https://qipedc.moet.gov.vn/videos/W02356.mp4?autoplay=true,,nghệ_sĩ
kinh ngạc,https://qipedc.moet.gov.vn/videos/W01897.mp4?autoplay=true,,kinh_ngạc
trạm xe buýt,https://qipedc.moet.gov.vn/videos/W03534.mp4?autoplay=true,,trạm_xe_buýt
bít tất,https://qipedc.moet.gov.vn/videos/W00287.mp4?autoplay=true,,bít_tất
Hung-ga-ri (nước Hung-ga-ri),https://qipedc.moet.gov.vn/videos/W01714.mp4?autoplay=true,,Hung-ga-ri_(nước_Hung-ga-ri)
chăn nuôi,https://qipedc.moet.gov.vn/videos/W00510T.mp4?autoplay=true,T,chăn_nuôiT
con cá,https://qipedc.moet.gov.vn/videos/W00737N.mp4?autoplay=true,N,con_cáN
tuần lễ người Điếc thế giới,https://qipedc.moet.gov.vn/videos/D0053B.mp4?autoplay=true,B,tuần_lễ_người_Điếc_thế_giớiB
cái gương,https://qipedc.moet.gov.vn/videos/W00404T.mp4?autoplay=true,T,cái_gươngT
siêu thị,https://qipedc.moet.gov.vn/videos/W02951.mp4?autoplay=true,,siêu_thị
khoác áo,https://qipedc.moet.gov.vn/videos/W01813.mp4?autoplay=true,,khoác_áo
thầy giáo,https://qipedc.moet.gov.vn/videos/W03224N.mp4?autoplay=true,N,thầy_giáoN
chùa Yên Tử,https://qipedc.moet.gov.vn/videos/D0471.mp4?autoplay=true,,chùa_Yên_Tử
ủy quyền,https://qipedc.moet.gov.vn/videos/W03751N.mp4?autoplay=true,N,ủy_quyềnN
chị,https://qipedc.moet.gov.vn/videos/W00570B.mp4?autoplay=true,B,chịB
thiệt thòi,https://qipedc.moet.gov.vn/videos/W03268.mp4?autoplay=true,,thiệt_thòi
gian dối,https://qipedc.moet.gov.vn/videos/D0337.mp4?autoplay=true,,gian_dối
đầy,https://qipedc.moet.gov.vn/videos/W01149.mp4?autoplay=true,,đầy
về (Sài Gòn),https://qipedc.moet.gov.vn/videos/D0158N.mp4?autoplay=true,N,về_(Sài_Gòn)N
học nhóm,https://qipedc.moet.gov.vn/videos/W01668.mp4?autoplay=true,,học_nhóm
tháng,https://qipedc.moet.gov.vn/videos/W03167N.mp4?autoplay=true,N,thángN
hóa đơn,https://qipedc.moet.gov.vn/videos/W00258.mp4?autoplay=true,,hóa_đơn
Hưng Yên,https://qipedc.moet.gov.vn/videos/W01723.mp4?autoplay=true,,Hưng_Yên
trắng muốt,https://qipedc.moet.gov.vn/videos/W03552T.mp4?autoplay=true,T,trắng_muốtT
quả đu đủ,https://qipedc.moet.gov.vn/videos/W02737B.mp4?autoplay=true,B,quả_đu_đủB
bé hơn,https://qipedc.moet.gov.vn/videos/W00218.mp4?autoplay=true,,bé_hơn
ngày Giải phóng miền Nam 30-4,https://qipedc.moet.gov.vn/videos/D0044T.mp4?autoplay=true,T,ngày_Giải_phóng_miền_Nam_30-4T
con khỉ,https://qipedc.moet.gov.vn/videos/W00767.mp4?autoplay=true,,con_khỉ
cần khởi động,https://qipedc.moet.gov.vn/videos/W00431.mp4?autoplay=true,,cần_khởi_động
12,https://qipedc.moet.gov.vn/videos/D0541B.mp4?autoplay=true,B,12B
đẹp đẽ (như đẹp),https://qipedc.moet.gov.vn/videos/W01170.mp4?autoplay=true,,đẹp_đẽ_(như_đẹp)
cổng trường,https://qipedc.moet.gov.vn/videos/W00825T.mp4?autoplay=true,T,cổng_trườngT
danh lam thắng cảnh,https://qipedc.moet.gov.vn/videos/W00966.mp4?autoplay=true,,danh_lam_thắng_cảnh
cây thông,https://qipedc.moet.gov.vn/videos/W02096.mp4?autoplay=true,,cây_thông
cất giấu,https://qipedc.moet.gov.vn/videos/W00434.mp4?autoplay=true,,cất_giấu
ông nội,https://qipedc.moet.gov.vn/videos/W02576B.mp4?autoplay=true,B,ông_nộiB
trách mắng,https://qipedc.moet.gov.vn/videos/W03514.mp4?autoplay=true,,trách_mắng
gói,https://qipedc.moet.gov.vn/videos/W01510.mp4?autoplay=true,,gói
đèn xanh,https://qipedc.moet.gov.vn/videos/W01162T.mp4?autoplay=true,T,đèn_xanhT
anh rể,https://qipedc.moet.gov.vn/videos/W00018N.mp4?autoplay=true,N,anh_rểN
phi ngựa,https://qipedc.moet.gov.vn/videos/W02647.mp4?autoplay=true,,phi_ngựa
người xưa,https://qipedc.moet.gov.vn/videos/W02438N.mp4?autoplay=true,N,người_xưaN
cướp biển,https://qipedc.moet.gov.vn/videos/W00944.mp4?autoplay=true,,cướp_biển
bánh cốm,https://qipedc.moet.gov.vn/videos/W00128.mp4?autoplay=true,,bánh_cốm
con bê,https://qipedc.moet.gov.vn/videos/W00734T.mp4?autoplay=true,T,con_bêT
Oa-sinh-tơn,https://qipedc.moet.gov.vn/videos/W02556.mp4?autoplay=true,,Oa-sinh-tơn
diệt chủng,https://qipedc.moet.gov.vn/videos/W01042.mp4?autoplay=true,,diệt_chủng
nhà trường,https://qipedc.moet.gov.vn/videos/W02455B.mp4?autoplay=true,B,nhà_trườngB
phở cuốn,https://qipedc.moet.gov.vn/videos/W02697T.mp4?autoplay=true,T,phở_cuốnT
máy tính (laptop),https://qipedc.moet.gov.vn/videos/W02151.mp4?autoplay=true,,máy_tính_(laptop)
đặc biệt,https://qipedc.moet.gov.vn/videos/W01122T.mp4?autoplay=true,T,đặc_biệtT
kỉ niệm,https://qipedc.moet.gov.vn/videos/W01866N.mp4?autoplay=true,N,kỉ_niệmN
vớt,https://qipedc.moet.gov.vn/videos/W03884.mp4?autoplay=true,,vớt
chim chuyền cành,https://qipedc.moet.gov.vn/videos/W00693.mp4?autoplay=true,,chim_chuyền_cành
chức vụ,https://qipedc.moet.gov.vn/videos/W00717.mp4?autoplay=true,,chức_vụ
quả nhãn,https://qipedc.moet.gov.vn/videos/W02748B.mp4?autoplay=true,B,quả_nhãnB
tham ăn,https://qipedc.moet.gov.vn/videos/D0024B.mp4?autoplay=true,B,tham_ănB
mùa thu,https://qipedc.moet.gov.vn/videos/W02271.mp4?autoplay=true,,mùa_thu
em họ,https://qipedc.moet.gov.vn/videos/D0153T.mp4?autoplay=true,T,em_họT
chất lỏng,https://qipedc.moet.gov.vn/videos/W00536.mp4?autoplay=true,,chất_lỏng
ấm no,https://qipedc.moet.gov.vn/videos/W00053.mp4?autoplay=true,,ấm_no
hoa,https://qipedc.moet.gov.vn/videos/W01619T.mp4?autoplay=true,T,hoaT
ra lệnh,https://qipedc.moet.gov.vn/videos/W02823.mp4?autoplay=true,,ra_lệnh
bồi bàn,https://qipedc.moet.gov.vn/videos/W00332.mp4?autoplay=true,,bồi_bàn
ghép hình,https://qipedc.moet.gov.vn/videos/W01407.mp4?autoplay=true,,ghép_hình
thìa,https://qipedc.moet.gov.vn/videos/W03251N.mp4?autoplay=true,N,thìaN
đồng phục,https://qipedc.moet.gov.vn/videos/W01294T.mp4?autoplay=true,T,đồng_phụcT
kỉ luật,https://qipedc.moet.gov.vn/videos/W01871.mp4?autoplay=true,,kỉ_luật
dầu khí,https://qipedc.moet.gov.vn/videos/W00996.mp4?autoplay=true,,dầu_khí
thóc (gạo),https://qipedc.moet.gov.vn/videos/W03278.mp4?autoplay=true,,thóc_(gạo)
xếp hàng ưu tiên,https://qipedc.moet.gov.vn/videos/W03982.mp4?autoplay=true,,xếp_hàng_ưu_tiên
ngữ pháp,https://qipedc.moet.gov.vn/videos/W03327N.mp4?autoplay=true,N,ngữ_phápN
rong chơi,https://qipedc.moet.gov.vn/videos/W02868B.mp4?autoplay=true,B,rong_chơiB
chia đôi,https://qipedc.moet.gov.vn/videos/D0249T.mp4?autoplay=true,T,chia_đôiT
cối xay gió,https://qipedc.moet.gov.vn/videos/W00834.mp4?autoplay=true,,cối_xay_gió
ham chơi,https://qipedc.moet.gov.vn/videos/D0342T.mp4?autoplay=true,T,ham_chơiT
lượt về (trong thể thao),https://qipedc.moet.gov.vn/videos/D0328.mp4?autoplay=true,,lượt_về_(trong_thể_thao)
mâm ngũ quả,https://qipedc.moet.gov.vn/videos/W02178T.mp4?autoplay=true,T,mâm_ngũ_quảT
giao thông,https://qipedc.moet.gov.vn/videos/W01430B.mp4?autoplay=true,B,giao_thôngB
là gì?,https://qipedc.moet.gov.vn/videos/W01911T.mp4?autoplay=true,T,là_gì?T
giao lưu,https://qipedc.moet.gov.vn/videos/W01451.mp4?autoplay=true,,giao_lưu
đánh trống,https://qipedc.moet.gov.vn/videos/W01113.mp4?autoplay=true,,đánh_trống
điều phối,https://qipedc.moet.gov.vn/videos/W01212B.mp4?autoplay=true,B,điều_phốiB
pháo hoa,https://qipedc.moet.gov.vn/videos/W02605.mp4?autoplay=true,,pháo_hoa
tay chân sạch sẽ,https://qipedc.moet.gov.vn/videos/D0432N.mp4?autoplay=true,N,tay_chân_sạch_sẽN
rèn luyện,https://qipedc.moet.gov.vn/videos/W02854.mp4?autoplay=true,,rèn_luyện
hàng chục nghìn,https://qipedc.moet.gov.vn/videos/W01540.mp4?autoplay=true,,hàng_chục_nghìn
cửa khẩu,https://qipedc.moet.gov.vn/videos/W00936.mp4?autoplay=true,,cửa_khẩu
yêu cầu,https://qipedc.moet.gov.vn/videos/W04057B.mp4?autoplay=true,B,yêu_cầuB
ai bảo,https://qipedc.moet.gov.vn/videos/W04071.mp4?autoplay=true,,ai_bảo
Nhật (nước Nhật),https://qipedc.moet.gov.vn/videos/W02492N.mp4?autoplay=true,N,Nhật_(nước_Nhật)N
mỳ tôm,https://qipedc.moet.gov.vn/videos/D0080N.mp4?autoplay=true,N,mỳ_tômN
ngày sinh,https://qipedc.moet.gov.vn/videos/W02338B.mp4?autoplay=true,B,ngày_sinhB
vầng trăng,https://qipedc.moet.gov.vn/videos/W03805N.mp4?autoplay=true,N,vầng_trăngN
Albania (nước Albania),https://qipedc.moet.gov.vn/videos/D0012.mp4?autoplay=true,,Albania_(nước_Albania)
bờm tóc,https://qipedc.moet.gov.vn/videos/W00352.mp4?autoplay=true,,bờm_tóc
trả lời,https://qipedc.moet.gov.vn/videos/W03526.mp4?autoplay=true,,trả_lời
gốm sứ,https://qipedc.moet.gov.vn/videos/W01517.mp4?autoplay=true,,gốm_sứ
khó khăn,https://qipedc.moet.gov.vn/videos/W01803B.mp4?autoplay=true,B,khó_khănB
dầu mỏ,https://qipedc.moet.gov.vn/videos/W00997.mp4?autoplay=true,,dầu_mỏ
lốc xoáy,https://qipedc.moet.gov.vn/videos/D0431.mp4?autoplay=true,,lốc_xoáy
bảo đảm,https://qipedc.moet.gov.vn/videos/W00152.mp4?autoplay=true,,bảo_đảm
đánh giá,https://qipedc.moet.gov.vn/videos/W01110.mp4?autoplay=true,,đánh_giá
chiếu,https://qipedc.moet.gov.vn/videos/W00598.mp4?autoplay=true,,chiếu
lý do,https://qipedc.moet.gov.vn/videos/D0296.mp4?autoplay=true,,lý_do
con tôm,https://qipedc.moet.gov.vn/videos/W00797T.mp4?autoplay=true,T,con_tômT
mấy giờ?,https://qipedc.moet.gov.vn/videos/W02196.mp4?autoplay=true,,mấy_giờ?
hoa sen,https://qipedc.moet.gov.vn/videos/W01629B.mp4?autoplay=true,B,hoa_senB
đại sứ,https://qipedc.moet.gov.vn/videos/D0253.mp4?autoplay=true,,đại_sứ
kiếm (cái kiếm),https://qipedc.moet.gov.vn/videos/W01879.mp4?autoplay=true,,kiếm_(cái_kiếm)
phòng đa năng,https://qipedc.moet.gov.vn/videos/W02672.mp4?autoplay=true,,phòng_đa_năng
va li,https://qipedc.moet.gov.vn/videos/W03761.mp4?autoplay=true,,va_li
đường thuỷ,https://qipedc.moet.gov.vn/videos/W01345.mp4?autoplay=true,,đường_thuỷ
lớp,https://qipedc.moet.gov.vn/videos/W02052.mp4?autoplay=true,,lớp
Bình Thuận,https://qipedc.moet.gov.vn/videos/W00285.mp4?autoplay=true,,Bình_Thuận
bánh giò,https://qipedc.moet.gov.vn/videos/W00135.mp4?autoplay=true,,bánh_giò
khẩu hiệu,https://qipedc.moet.gov.vn/videos/W01785.mp4?autoplay=true,,khẩu_hiệu
ngà voi,https://qipedc.moet.gov.vn/videos/W02324.mp4?autoplay=true,,ngà_voi
đường chéo,https://qipedc.moet.gov.vn/videos/W01332.mp4?autoplay=true,,đường_chéo
phòng chức năng,https://qipedc.moet.gov.vn/videos/W02670.mp4?autoplay=true,,phòng_chức_năng
rau,https://qipedc.moet.gov.vn/videos/W02835.mp4?autoplay=true,,rau
bạn,https://qipedc.moet.gov.vn/videos/W00110T.mp4?autoplay=true,T,bạnT
đều đặn,https://qipedc.moet.gov.vn/videos/W01188.mp4?autoplay=true,,đều_đặn
đồ uống,https://qipedc.moet.gov.vn/videos/D0443.mp4?autoplay=true,,đồ_uống
cao nguyên,https://qipedc.moet.gov.vn/videos/W00419.mp4?autoplay=true,,cao_nguyên
chỉ,https://qipedc.moet.gov.vn/videos/W00564.mp4?autoplay=true,,chỉ
cúi,https://qipedc.moet.gov.vn/videos/W00895.mp4?autoplay=true,,cúi
vui sướng,https://qipedc.moet.gov.vn/videos/W03890B.mp4?autoplay=true,B,vui_sướngB
cần không?,https://qipedc.moet.gov.vn/videos/D0122B.mp4?autoplay=true,B,cần_không?B
chương trình,https://qipedc.moet.gov.vn/videos/W00713.mp4?autoplay=true,,chương_trình
quả địa cầu,https://qipedc.moet.gov.vn/videos/W02735.mp4?autoplay=true,,quả_địa_cầu
rửa mặt,https://qipedc.moet.gov.vn/videos/W02887.mp4?autoplay=true,,rửa_mặt
phòng bệnh,https://qipedc.moet.gov.vn/videos/W02668.mp4?autoplay=true,,phòng_bệnh
gật gù,https://qipedc.moet.gov.vn/videos/W01401.mp4?autoplay=true,,gật_gù
tưởng,https://qipedc.moet.gov.vn/videos/W03730.mp4?autoplay=true,,tưởng
gan dạ,https://qipedc.moet.gov.vn/videos/W01378N.mp4?autoplay=true,N,gan_dạN
thiếu niên,https://qipedc.moet.gov.vn/videos/W03270.mp4?autoplay=true,,thiếu_niên
phẫu thuật chân,https://qipedc.moet.gov.vn/videos/D0361.mp4?autoplay=true,,phẫu_thuật_chân
ma cà rồng,https://qipedc.moet.gov.vn/videos/W02105.mp4?autoplay=true,,ma_cà_rồng
con sâu,https://qipedc.moet.gov.vn/videos/W00788.mp4?autoplay=true,,con_sâu
chậm chạp,https://qipedc.moet.gov.vn/videos/D0178.mp4?autoplay=true,,chậm_chạp
hú vía,https://qipedc.moet.gov.vn/videos/D0070.mp4?autoplay=true,,hú_vía
phim hoạt hình,https://qipedc.moet.gov.vn/videos/W02656B.mp4?autoplay=true,B,phim_hoạt_hìnhB
danh từ riêng,https://qipedc.moet.gov.vn/videos/W00971.mp4?autoplay=true,,danh_từ_riêng
tha thứ,https://qipedc.moet.gov.vn/videos/W03138N.mp4?autoplay=true,N,tha_thứN
cây cọ,https://qipedc.moet.gov.vn/videos/D0473.mp4?autoplay=true,,cây_cọ
găng tay,https://qipedc.moet.gov.vn/videos/W01393.mp4?autoplay=true,,găng_tay
màu nâu,https://qipedc.moet.gov.vn/videos/W02137N.mp4?autoplay=true,N,màu_nâuN
mít tinh,https://qipedc.moet.gov.vn/videos/D0204.mp4?autoplay=true,,mít_tinh
hiệu (Toán học),https://qipedc.moet.gov.vn/videos/W01595.mp4?autoplay=true,,hiệu_(Toán_học)
33,https://qipedc.moet.gov.vn/videos/D0543N.mp4?autoplay=true,N,33N
nứt nẻ (ruộng),https://qipedc.moet.gov.vn/videos/D0222.mp4?autoplay=true,,nứt_nẻ_(ruộng)
đùa,https://qipedc.moet.gov.vn/videos/D0437T.mp4?autoplay=true,T,đùaT
toa lét,https://qipedc.moet.gov.vn/videos/W03469.mp4?autoplay=true,,toa_lét
hộp sữa,https://qipedc.moet.gov.vn/videos/W01704.mp4?autoplay=true,,hộp_sữa
cây xanh tươi,https://qipedc.moet.gov.vn/videos/W03945N.mp4?autoplay=true,N,cây_xanh_tươiN
quả khế,https://qipedc.moet.gov.vn/videos/W02742T.mp4?autoplay=true,T,quả_khếT
trốn chạy,https://qipedc.moet.gov.vn/videos/W03619T.mp4?autoplay=true,T,trốn_chạyT
chỉnh sửa,https://qipedc.moet.gov.vn/videos/W00615.mp4?autoplay=true,,chỉnh_sửa
sau,https://qipedc.moet.gov.vn/videos/W02926.mp4?autoplay=true,,sau
chống đối,https://qipedc.moet.gov.vn/videos/W00633N.mp4?autoplay=true,N,chống_đốiN
quả roi,https://qipedc.moet.gov.vn/videos/W02754T.mp4?autoplay=true,T,quả_roiT
lều trại,https://qipedc.moet.gov.vn/videos/W01991.mp4?autoplay=true,,lều_trại
Miến Điện (nước Mi-an-ma),https://qipedc.moet.gov.vn/videos/D0005T.mp4?autoplay=true,T,Miến_Điện_(nước_Mi-an-ma)T
mạng lưới,https://qipedc.moet.gov.vn/videos/W02125.mp4?autoplay=true,,mạng_lưới
ấm trà,https://qipedc.moet.gov.vn/videos/W00055.mp4?autoplay=true,,ấm_trà
ống nhòm,https://qipedc.moet.gov.vn/videos/W02578.mp4?autoplay=true,,ống_nhòm
yên bình,https://qipedc.moet.gov.vn/videos/W04044.mp4?autoplay=true,,yên_bình
xé rách,https://qipedc.moet.gov.vn/videos/W03973.mp4?autoplay=true,,xé_rách
gặp gỡ,https://qipedc.moet.gov.vn/videos/W01395.mp4?autoplay=true,,gặp_gỡ
kết quả,https://qipedc.moet.gov.vn/videos/W01754B.mp4?autoplay=true,B,kết_quảB
họp nhóm,https://qipedc.moet.gov.vn/videos/D0452T.mp4?autoplay=true,T,họp_nhómT
hoàng hôn,https://qipedc.moet.gov.vn/videos/W01646.mp4?autoplay=true,,hoàng_hôn
mui xe,https://qipedc.moet.gov.vn/videos/W02280.mp4?autoplay=true,,mui_xe
xanh xao,https://qipedc.moet.gov.vn/videos/W03938T.mp4?autoplay=true,T,xanh_xaoT
tuần sau,https://qipedc.moet.gov.vn/videos/D0417T.mp4?autoplay=true,T,tuần_sauT
bức tranh,https://qipedc.moet.gov.vn/videos/W00386B.mp4?autoplay=true,B,bức_tranhB
tưởng tượng,https://qipedc.moet.gov.vn/videos/W03732B.mp4?autoplay=true,B,tưởng_tượngB
máy khâu,https://qipedc.moet.gov.vn/videos/W02149.mp4?autoplay=true,,máy_khâu
hiểu,https://qipedc.moet.gov.vn/videos/W01591T.mp4?autoplay=true,T,hiểuT
dân tộc Mông,https://qipedc.moet.gov.vn/videos/D0312.mp4?autoplay=true,,dân_tộc_Mông
cái túi,https://qipedc.moet.gov.vn/videos/W00406.mp4?autoplay=true,,cái_túi
lão già,https://qipedc.moet.gov.vn/videos/W01947.mp4?autoplay=true,,lão_già
khuyến khích,https://qipedc.moet.gov.vn/videos/D0030.mp4?autoplay=true,,khuyến_khích
Hồ Chí Minh,https://qipedc.moet.gov.vn/videos/W01681.mp4?autoplay=true,,Hồ_Chí_Minh
rượu,https://qipedc.moet.gov.vn/videos/W02898T.mp4?autoplay=true,T,rượuT
làm quen,https://qipedc.moet.gov.vn/videos/W01925B.mp4?autoplay=true,B,làm_quenB
ghé thăm,https://qipedc.moet.gov.vn/videos/W01406.mp4?autoplay=true,,ghé_thăm
con lợn (con heo),https://qipedc.moet.gov.vn/videos/W00770N.mp4?autoplay=true,N,con_lợn_(con_heo)N
ở trong,https://qipedc.moet.gov.vn/videos/W02581.mp4?autoplay=true,,ở_trong
Long An,https://qipedc.moet.gov.vn/videos/W02027.mp4?autoplay=true,,Long_An
đuôi chuột,https://qipedc.moet.gov.vn/videos/D0076.mp4?autoplay=true,,đuôi_chuột
ngành nghề,https://qipedc.moet.gov.vn/videos/W02333.mp4?autoplay=true,,ngành_nghề
mê tín,https://qipedc.moet.gov.vn/videos/W02203.mp4?autoplay=true,,mê_tín
cô giáo,https://qipedc.moet.gov.vn/videos/W00812N.mp4?autoplay=true,N,cô_giáoN
cần không?,https://qipedc.moet.gov.vn/videos/D0122N.mp4?autoplay=true,N,cần_không?N
anh ruột,https://qipedc.moet.gov.vn/videos/W00019T.mp4?autoplay=true,T,anh_ruộtT
tham dự,https://qipedc.moet.gov.vn/videos/W03153T.mp4?autoplay=true,T,tham_dựT
tự tin,https://qipedc.moet.gov.vn/videos/W03720B.mp4?autoplay=true,B,tự_tinB
thiếp mời,https://qipedc.moet.gov.vn/videos/W03263.mp4?autoplay=true,,thiếp_mời
rễ cây,https://qipedc.moet.gov.vn/videos/W02856.mp4?autoplay=true,,rễ_cây
sữa bột,https://qipedc.moet.gov.vn/videos/W03037N.mp4?autoplay=true,N,sữa_bộtN
ung thư,https://qipedc.moet.gov.vn/videos/D0213B.mp4?autoplay=true,B,ung_thưB
thợ thêu,https://qipedc.moet.gov.vn/videos/W03309.mp4?autoplay=true,,thợ_thêu
quanh năm,https://qipedc.moet.gov.vn/videos/D0246.mp4?autoplay=true,,quanh_năm
sinh vật,https://qipedc.moet.gov.vn/videos/W02960.mp4?autoplay=true,,sinh_vật
bãi cát,https://qipedc.moet.gov.vn/videos/W00081.mp4?autoplay=true,,bãi_cát
đầu xuôi đuôi lọt,https://qipedc.moet.gov.vn/videos/W01145.mp4?autoplay=true,,đầu_xuôi_đuôi_lọt
máy quay,https://qipedc.moet.gov.vn/videos/W02150.mp4?autoplay=true,,máy_quay
hai phân số bằng nhau,https://qipedc.moet.gov.vn/videos/W02617.mp4?autoplay=true,,hai_phân_số_bằng_nhau
diện tích xung quanh,https://qipedc.moet.gov.vn/videos/W01041.mp4?autoplay=true,,diện_tích_xung_quanh
chủ động,https://qipedc.moet.gov.vn/videos/W00644.mp4?autoplay=true,,chủ_động
phích nước,https://qipedc.moet.gov.vn/videos/W02649.mp4?autoplay=true,,phích_nước
nhắm mắt,https://qipedc.moet.gov.vn/videos/D0433.mp4?autoplay=true,,nhắm_mắt
hãng máy bay,https://qipedc.moet.gov.vn/videos/W00122.mp4?autoplay=true,,hãng_máy_bay
nắn nót,https://qipedc.moet.gov.vn/videos/W02296.mp4?autoplay=true,,nắn_nót
con cọp,https://qipedc.moet.gov.vn/videos/W00747N.mp4?autoplay=true,N,con_cọpN
quả mướp,https://qipedc.moet.gov.vn/videos/W02746.mp4?autoplay=true,,quả_mướp
bầu trời,https://qipedc.moet.gov.vn/videos/W00212.mp4?autoplay=true,,bầu_trời
chữa bài,https://qipedc.moet.gov.vn/videos/W00708N.mp4?autoplay=true,N,chữa_bàiN
cướp,https://qipedc.moet.gov.vn/videos/W00943N.mp4?autoplay=true,N,cướpN
bằng,https://qipedc.moet.gov.vn/videos/W00194.mp4?autoplay=true,,bằng
nghé,https://qipedc.moet.gov.vn/videos/W02354B.mp4?autoplay=true,B,nghéB
ra ngoài,https://qipedc.moet.gov.vn/videos/W02825T.mp4?autoplay=true,T,ra_ngoàiT
trò chơi,https://qipedc.moet.gov.vn/videos/W03599.mp4?autoplay=true,,trò_chơi
la hét,https://qipedc.moet.gov.vn/videos/W01910.mp4?autoplay=true,,la_hét
đun nấu,https://qipedc.moet.gov.vn/videos/W01321.mp4?autoplay=true,,đun_nấu
cỏ,https://qipedc.moet.gov.vn/videos/W00357B.mp4?autoplay=true,B,cỏB
8,https://qipedc.moet.gov.vn/videos/D0537.mp4?autoplay=true,,8
lễ Halloween 31-10,https://qipedc.moet.gov.vn/videos/D0048N.mp4?autoplay=true,N,lễ_Halloween_31-10N
tinh trùng,https://qipedc.moet.gov.vn/videos/W03342.mp4?autoplay=true,,tinh_trùng
Lạc Long Quân,https://qipedc.moet.gov.vn/videos/W01914.mp4?autoplay=true,,Lạc_Long_Quân
chục nghìn,https://qipedc.moet.gov.vn/videos/W00667.mp4?autoplay=true,,chục_nghìn
đề nghị,https://qipedc.moet.gov.vn/videos/W01177N.mp4?autoplay=true,N,đề_nghịN
quả quýt,https://qipedc.moet.gov.vn/videos/W02753.mp4?autoplay=true,,quả_quýt
chảo,https://qipedc.moet.gov.vn/videos/W00493T.mp4?autoplay=true,T,chảoT
thẳng hàng (Toán học),https://qipedc.moet.gov.vn/videos/W03201.mp4?autoplay=true,,thẳng_hàng_(Toán_học)
huỷ diệt,https://qipedc.moet.gov.vn/videos/W01719.mp4?autoplay=true,,huỷ_diệt
nhọn hoắt,https://qipedc.moet.gov.vn/videos/W02505.mp4?autoplay=true,,nhọn_hoắt
thân cây,https://qipedc.moet.gov.vn/videos/W03204T.mp4?autoplay=true,T,thân_câyT
dấu sắc,https://qipedc.moet.gov.vn/videos/D0525N.mp4?autoplay=true,N,dấu_sắcN
gặm xương (con chó gặm xương),https://qipedc.moet.gov.vn/videos/W01391.mp4?autoplay=true,,gặm_xương_(con_chó_gặm_xương)
hút nước,https://qipedc.moet.gov.vn/videos/W01716.mp4?autoplay=true,,hút_nước
triều đình,https://qipedc.moet.gov.vn/videos/W03587.mp4?autoplay=true,,triều_đình
nhân hậu,https://qipedc.moet.gov.vn/videos/W02479T.mp4?autoplay=true,T,nhân_hậuT
đồ ăn,https://qipedc.moet.gov.vn/videos/D0444.mp4?autoplay=true,,đồ_ăn
ông nội,https://qipedc.moet.gov.vn/videos/W02576T.mp4?autoplay=true,T,ông_nộiT
mỳ ý,https://qipedc.moet.gov.vn/videos/D0082B.mp4?autoplay=true,B,mỳ_ýB
gắp thức ăn,https://qipedc.moet.gov.vn/videos/W01394.mp4?autoplay=true,,gắp_thức_ăn
bình an,https://qipedc.moet.gov.vn/videos/W00274T.mp4?autoplay=true,T,bình_anT
lũy tre,https://qipedc.moet.gov.vn/videos/W02073.mp4?autoplay=true,,lũy_tre
chè đỗ đỏ,https://qipedc.moet.gov.vn/videos/W00548.mp4?autoplay=true,,chè_đỗ_đỏ
băng dính,https://qipedc.moet.gov.vn/videos/W00190.mp4?autoplay=true,,băng_dính
rế,https://qipedc.moet.gov.vn/videos/W02859.mp4?autoplay=true,,rế
thầy giáo,https://qipedc.moet.gov.vn/videos/W03224B.mp4?autoplay=true,B,thầy_giáoB
giá trị phần trăm,https://qipedc.moet.gov.vn/videos/W01434T.mp4?autoplay=true,T,giá_trị_phần_trămT
hình elip,https://qipedc.moet.gov.vn/videos/W01604.mp4?autoplay=true,,hình_elip
trường THPT ( cấp 3),https://qipedc.moet.gov.vn/videos/W03675T.mp4?autoplay=true,T,trường_THPT_(_cấp_3)T
chia đôi,https://qipedc.moet.gov.vn/videos/D0249B.mp4?autoplay=true,B,chia_đôiB
bé loắt choắt,https://qipedc.moet.gov.vn/videos/W00219.mp4?autoplay=true,,bé_loắt_choắt
trong ngoài,https://qipedc.moet.gov.vn/videos/W03611N.mp4?autoplay=true,N,trong_ngoàiN
bò sát,https://qipedc.moet.gov.vn/videos/W00289.mp4?autoplay=true,,bò_sát
áo len,https://qipedc.moet.gov.vn/videos/W00033.mp4?autoplay=true,,áo_len
đen láy (như đen nhánh),https://qipedc.moet.gov.vn/videos/W01153N.mp4?autoplay=true,N,đen_láy_(như_đen_nhánh)N
trung ương,https://qipedc.moet.gov.vn/videos/W03646.mp4?autoplay=true,,trung_ương
không cho,https://qipedc.moet.gov.vn/videos/D0033T.mp4?autoplay=true,T,không_choT
dao,https://qipedc.moet.gov.vn/videos/W00973.mp4?autoplay=true,,dao
thiết kế,https://qipedc.moet.gov.vn/videos/W03265B.mp4?autoplay=true,B,thiết_kếB
ruộng bậc thang,https://qipedc.moet.gov.vn/videos/W02878.mp4?autoplay=true,,ruộng_bậc_thang
chặt chẽ,https://qipedc.moet.gov.vn/videos/W00514.mp4?autoplay=true,,chặt_chẽ
câu thơ,https://qipedc.moet.gov.vn/videos/W00444B.mp4?autoplay=true,B,câu_thơB
cửa hàng,https://qipedc.moet.gov.vn/videos/W00935B.mp4?autoplay=true,B,cửa_hàngB
thương mại,https://qipedc.moet.gov.vn/videos/D0306.mp4?autoplay=true,,thương_mại
quy định,https://qipedc.moet.gov.vn/videos/W02808.mp4?autoplay=true,,quy_định
lãng phí,https://qipedc.moet.gov.vn/videos/D0314.mp4?autoplay=true,,lãng_phí
thẳng tắp,https://qipedc.moet.gov.vn/videos/W03202.mp4?autoplay=true,,thẳng_tắp
kém,https://qipedc.moet.gov.vn/videos/W01738B.mp4?autoplay=true,B,kémB
khép cửa,https://qipedc.moet.gov.vn/videos/W01793.mp4?autoplay=true,,khép_cửa
cháu gái,https://qipedc.moet.gov.vn/videos/W00495B.mp4?autoplay=true,B,cháu_gáiB
kí hiệu,https://qipedc.moet.gov.vn/videos/W01867.mp4?autoplay=true,,kí_hiệu
quả dừa xiêm,https://qipedc.moet.gov.vn/videos/W02733B.mp4?autoplay=true,B,quả_dừa_xiêmB
con ếch,https://qipedc.moet.gov.vn/videos/W00758B.mp4?autoplay=true,B,con_ếchB
trước,https://qipedc.moet.gov.vn/videos/W03669B.mp4?autoplay=true,B,trướcB
bàn chân,https://qipedc.moet.gov.vn/videos/W00093.mp4?autoplay=true,,bàn_chân
cây nến,https://qipedc.moet.gov.vn/videos/D0435.mp4?autoplay=true,,cây_nến
a,https://qipedc.moet.gov.vn/videos/D0489.mp4?autoplay=true,,a
khóc,https://qipedc.moet.gov.vn/videos/W01821.mp4?autoplay=true,,khóc
danh sách,https://qipedc.moet.gov.vn/videos/W00969.mp4?autoplay=true,,danh_sách
kịch,https://qipedc.moet.gov.vn/videos/W01035.mp4?autoplay=true,,kịch
cua đồng,https://qipedc.moet.gov.vn/videos/D0386.mp4?autoplay=true,,cua_đồng
đường tròn,https://qipedc.moet.gov.vn/videos/W01346.mp4?autoplay=true,,đường_tròn
nhọn,https://qipedc.moet.gov.vn/videos/W02504.mp4?autoplay=true,,nhọn
đi dạo,https://qipedc.moet.gov.vn/videos/D0157T.mp4?autoplay=true,T,đi_dạoT
hạt lúa,https://qipedc.moet.gov.vn/videos/W01567.mp4?autoplay=true,,hạt_lúa
"nước ép (cam, cà chua,..)",https://qipedc.moet.gov.vn/videos/D0395.mp4?autoplay=true,,"nước_ép_(cam,_cà_chua,..)"
đất,https://qipedc.moet.gov.vn/videos/W01135.mp4?autoplay=true,,đất
ôn luyện,https://qipedc.moet.gov.vn/videos/W02569.mp4?autoplay=true,,ôn_luyện
ngày của Mẹ,https://qipedc.moet.gov.vn/videos/D0054N.mp4?autoplay=true,N,ngày_của_MẹN
thế nào?,https://qipedc.moet.gov.vn/videos/W03239T.mp4?autoplay=true,T,thế_nào?T
nhập trường,https://qipedc.moet.gov.vn/videos/W02490N.mp4?autoplay=true,N,nhập_trườngN
rau diếp cá,https://qipedc.moet.gov.vn/videos/D0329.mp4?autoplay=true,,rau_diếp_cá
cờ ca rô,https://qipedc.moet.gov.vn/videos/W00880.mp4?autoplay=true,,cờ_ca_rô
phương Tây,https://qipedc.moet.gov.vn/videos/D0009.mp4?autoplay=true,,phương_Tây
hỏi,https://qipedc.moet.gov.vn/videos/W01672B.mp4?autoplay=true,B,hỏiB
liếc nhìn,https://qipedc.moet.gov.vn/videos/D0272T.mp4?autoplay=true,T,liếc_nhìnT
thuỷ điện,https://qipedc.moet.gov.vn/videos/W03339T.mp4?autoplay=true,T,thuỷ_điệnT
máy tính bỏ túi,https://qipedc.moet.gov.vn/videos/W02152.mp4?autoplay=true,,máy_tính_bỏ_túi
pháo sáng,https://qipedc.moet.gov.vn/videos/W02606.mp4?autoplay=true,,pháo_sáng
thiệp sinh nhật,https://qipedc.moet.gov.vn/videos/D0108N.mp4?autoplay=true,N,thiệp_sinh_nhậtN
suy nghĩ,https://qipedc.moet.gov.vn/videos/W03025T.mp4?autoplay=true,T,suy_nghĩT
bộ đội,https://qipedc.moet.gov.vn/videos/W00328T.mp4?autoplay=true,T,bộ_độiT
chúng tôi (đại từ),https://qipedc.moet.gov.vn/videos/D0134.mp4?autoplay=true,,chúng_tôi_(đại_từ)
héc-tô-gam (hg),https://qipedc.moet.gov.vn/videos/W01576B.mp4?autoplay=true,B,héc-tô-gam_(hg)B
chung tay,https://qipedc.moet.gov.vn/videos/D0411.mp4?autoplay=true,,chung_tay
phải không?,https://qipedc.moet.gov.vn/videos/D0120B.mp4?autoplay=true,B,phải_không?B
hải sản,https://qipedc.moet.gov.vn/videos/D0388.mp4?autoplay=true,,hải_sản
phương pháp,https://qipedc.moet.gov.vn/videos/W02714.mp4?autoplay=true,,phương_pháp
hiện đại,https://qipedc.moet.gov.vn/videos/W01587.mp4?autoplay=true,,hiện_đại
xông hơi,https://qipedc.moet.gov.vn/videos/W04003.mp4?autoplay=true,,xông_hơi
cưa,https://qipedc.moet.gov.vn/videos/W00932.mp4?autoplay=true,,cưa
nội dung,https://qipedc.moet.gov.vn/videos/W02540N.mp4?autoplay=true,N,nội_dungN
nhảy dù,https://qipedc.moet.gov.vn/videos/W02466.mp4?autoplay=true,,nhảy_dù
khung cửa số,https://qipedc.moet.gov.vn/videos/W01856.mp4?autoplay=true,,khung_cửa_số
đồng ruộng,https://qipedc.moet.gov.vn/videos/W01295.mp4?autoplay=true,,đồng_ruộng
hình dáng,https://qipedc.moet.gov.vn/videos/W01603.mp4?autoplay=true,,hình_dáng
thông minh,https://qipedc.moet.gov.vn/videos/W03288T.mp4?autoplay=true,T,thông_minhT
tô màu,https://qipedc.moet.gov.vn/videos/W03486T.mp4?autoplay=true,T,tô_màuT
phấn (viết bảng),https://qipedc.moet.gov.vn/videos/W02630T.mp4?autoplay=true,T,phấn_(viết_bảng)T
từ trái nghĩa,https://qipedc.moet.gov.vn/videos/W03714N.mp4?autoplay=true,N,từ_trái_nghĩaN
nhân (Toán học),https://qipedc.moet.gov.vn/videos/W02473N.mp4?autoplay=true,N,nhân_(Toán_học)N
ra ngoài,https://qipedc.moet.gov.vn/videos/W02825B.mp4?autoplay=true,B,ra_ngoàiB
đua thuyền,https://qipedc.moet.gov.vn/videos/W01316.mp4?autoplay=true,,đua_thuyền
nước Việt nam,https://qipedc.moet.gov.vn/videos/W02555B.mp4?autoplay=true,B,nước_Việt_namB
cánh tay,https://qipedc.moet.gov.vn/videos/W00410.mp4?autoplay=true,,cánh_tay
liệt (liệt tay chân),https://qipedc.moet.gov.vn/videos/W02005.mp4?autoplay=true,,liệt_(liệt_tay_chân)
suy ra (Toán học),https://qipedc.moet.gov.vn/videos/D0186.mp4?autoplay=true,,suy_ra_(Toán_học)
bến xe,https://qipedc.moet.gov.vn/videos/W00245.mp4?autoplay=true,,bến_xe
điều khiển,https://qipedc.moet.gov.vn/videos/W01214.mp4?autoplay=true,,điều_khiển
ngắt hoa,https://qipedc.moet.gov.vn/videos/W02345B.mp4?autoplay=true,B,ngắt_hoaB
Liên Bang Nga (nước Nga),https://qipedc.moet.gov.vn/videos/W01996T.mp4?autoplay=true,T,Liên_Bang_Nga_(nước_Nga)T
suýt,https://qipedc.moet.gov.vn/videos/D0072T.mp4?autoplay=true,T,suýtT
chính quyền,https://qipedc.moet.gov.vn/videos/W00618.mp4?autoplay=true,,chính_quyền
diện tích toàn phần,https://qipedc.moet.gov.vn/videos/W01040.mp4?autoplay=true,,diện_tích_toàn_phần
liên hoan,https://qipedc.moet.gov.vn/videos/W01998T.mp4?autoplay=true,T,liên_hoanT
nhổ râu,https://qipedc.moet.gov.vn/videos/D0274.mp4?autoplay=true,,nhổ_râu
còn bạn?,https://qipedc.moet.gov.vn/videos/D0121.mp4?autoplay=true,,còn_bạn?
cung điện,https://qipedc.moet.gov.vn/videos/D0182T.mp4?autoplay=true,T,cung_điệnT
gương,https://qipedc.moet.gov.vn/videos/W01523.mp4?autoplay=true,,gương
chị họ,https://qipedc.moet.gov.vn/videos/D0152B.mp4?autoplay=true,B,chị_họB
phân loại,https://qipedc.moet.gov.vn/videos/W02615.mp4?autoplay=true,,phân_loại
Đông Dương,https://qipedc.moet.gov.vn/videos/W01286.mp4?autoplay=true,,Đông_Dương
tự trọng,https://qipedc.moet.gov.vn/videos/D0336.mp4?autoplay=true,,tự_trọng
bản làng,https://qipedc.moet.gov.vn/videos/W00100.mp4?autoplay=true,,bản_làng
cốp xe,https://qipedc.moet.gov.vn/videos/W00859.mp4?autoplay=true,,cốp_xe
tái phạm,https://qipedc.moet.gov.vn/videos/W03071T.mp4?autoplay=true,T,tái_phạmT
UNICEF,https://qipedc.moet.gov.vn/videos/W03744.mp4?autoplay=true,,UNICEF
Lào (nước Lào),https://qipedc.moet.gov.vn/videos/W01945T.mp4?autoplay=true,T,Lào_(nước_Lào)T
giao tiếp,https://qipedc.moet.gov.vn/videos/W01453T.mp4?autoplay=true,T,giao_tiếpT
thủ công,https://qipedc.moet.gov.vn/videos/W03320N.mp4?autoplay=true,N,thủ_côngN
không khí,https://qipedc.moet.gov.vn/videos/W01841.mp4?autoplay=true,,không_khí
phiên dịch,https://qipedc.moet.gov.vn/videos/W02651T.mp4?autoplay=true,T,phiên_dịchT
hoa dâm bụt,https://qipedc.moet.gov.vn/videos/D0482.mp4?autoplay=true,,hoa_dâm_bụt
đèn báo giao thông,https://qipedc.moet.gov.vn/videos/W01154B.mp4?autoplay=true,B,đèn_báo_giao_thôngB
giãn cách xã hội,https://qipedc.moet.gov.vn/videos/D0287.mp4?autoplay=true,,giãn_cách_xã_hội
chăn nuôi,https://qipedc.moet.gov.vn/videos/W00510N.mp4?autoplay=true,N,chăn_nuôiN
ban đêm,https://qipedc.moet.gov.vn/videos/W00086N.mp4?autoplay=true,N,ban_đêmN
phun nước,https://qipedc.moet.gov.vn/videos/W02710.mp4?autoplay=true,,phun_nước
không quen,https://qipedc.moet.gov.vn/videos/D0109T.mp4?autoplay=true,T,không_quenT
Bà Rịa - Vũng Tàu,https://qipedc.moet.gov.vn/videos/W00068.mp4?autoplay=true,,Bà_Rịa_-_Vũng_Tàu
tháng,https://qipedc.moet.gov.vn/videos/W03167T.mp4?autoplay=true,T,thángT
theo dõi,https://qipedc.moet.gov.vn/videos/W03228.mp4?autoplay=true,,theo_dõi
thân thiện,https://qipedc.moet.gov.vn/videos/W03208.mp4?autoplay=true,,thân_thiện
nón,https://qipedc.moet.gov.vn/videos/W02527.mp4?autoplay=true,,nón
kết quả,https://qipedc.moet.gov.vn/videos/W01754T.mp4?autoplay=true,T,kết_quảT
liên quan,https://qipedc.moet.gov.vn/videos/W02001B.mp4?autoplay=true,B,liên_quanB
1,https://qipedc.moet.gov.vn/videos/D0530.mp4?autoplay=true,,1
nhập khẩu,https://qipedc.moet.gov.vn/videos/D0014.mp4?autoplay=true,,nhập_khẩu
mồ côi,https://qipedc.moet.gov.vn/videos/W02229.mp4?autoplay=true,,mồ_côi
anh họ,https://qipedc.moet.gov.vn/videos/W00014N.mp4?autoplay=true,N,anh_họN
đồ dùng học tập,https://qipedc.moet.gov.vn/videos/W01251.mp4?autoplay=true,,đồ_dùng_học_tập
bố dượng,https://qipedc.moet.gov.vn/videos/W00326N.mp4?autoplay=true,N,bố_dượngN
Thừa Thiên – Huế,https://qipedc.moet.gov.vn/videos/W03361N.mp4?autoplay=true,N,Thừa_Thiên_–_HuếN
anh em,https://qipedc.moet.gov.vn/videos/W00013B.mp4?autoplay=true,B,anh_emB
trực tiếp,https://qipedc.moet.gov.vn/videos/W03665.mp4?autoplay=true,,trực_tiếp
về 2 (Miền Bắc),https://qipedc.moet.gov.vn/videos/D0159T.mp4?autoplay=true,T,về_2_(Miền_Bắc)T
đo,https://qipedc.moet.gov.vn/videos/W01227.mp4?autoplay=true,,đo
hồ nước,https://qipedc.moet.gov.vn/videos/W01686.mp4?autoplay=true,,hồ_nước
số liền trước,https://qipedc.moet.gov.vn/videos/W02991.mp4?autoplay=true,,số_liền_trước
ngâm hạt,https://qipedc.moet.gov.vn/videos/W02346.mp4?autoplay=true,,ngâm_hạt
